Workbook

Sheet Data
A1: Name | B1: Channel Partner Group | C1: Onboarded Date | D1: Partner Mood | E1: Enrollment Reason | F1: BDR Tag | G1: Referrer Email | H1: Referrer Phone | I1: Person | J1: Type | K1: Commission
A2: Henry Simpson | B2: Other | C2: 46021 | D2: Neutral | E2: Expand Business to Tax Resolution | F2: Kirk Onboarded | G2: lee45@bellsouth.net | H2: 601-259-1630 | I2: =IF(ISNUMBER(SEARCH("kirk",F2)),"Kirk",IF(ISNUMBER(SEARCH("justin",F2)),"Justin",IF(ISNUMBER(SEARCH("reyna",F2)),"Reyna","Unknown"))) -> Kirk | J2: =IF(ISNUMBER(SEARCH("onboard",F2)),"Onboarded",IF(ISNUMBER(SEARCH("referr",F2)),"Referral",IF(ISNUMBER(SEARCH("transfer",F2)),"Transfer","Other"))) -> Onboarded | K2: =IF(AND(I2="Kirk",J2="Onboarded"),3,IF(AND(I2="Kirk",J2="Referral"),2,IF(AND(I2="Kirk",J2="Transfer"),2,IF(AND(I2="Justin",J2="Onboarded"),3,IF(AND(I2="Justin",J2="Referral"),2,IF(AND(I2="Justin",J2="Transfer"),2,IF(AND(I2="Reyna",J2="Onboarded"),3,IF(AND(I2="Reyna",J2="Referral"),2,IF(AND(I2="Reyna",J2="Transfer"),2,0))))))))) -> 3
A3: Nicolette Jackson | B3: TPG | C3: 46024 | D3: Satisfied | E3: Learn More | F3: Reyna Onboarded | G3: njackson@jacksonstartaxservices.com | H3: 334-666-3961 | I3: =IF(ISNUMBER(SEARCH("kirk",F3)),"Kirk",IF(ISNUMBER(SEARCH("justin",F3)),"Justin",IF(ISNUMBER(SEARCH("reyna",F3)),"Reyna","Unknown"))) -> Reyna | J3: =IF(ISNUMBER(SEARCH("onboard",F3)),"Onboarded",IF(ISNUMBER(SEARCH("referr",F3)),"Referral",IF(ISNUMBER(SEARCH("transfer",F3)),"Transfer","Other"))) -> Onboarded | K3: =IF(AND(I3="Kirk",J3="Onboarded"),3,IF(AND(I3="Kirk",J3="Referral"),2,IF(AND(I3="Kirk",J3="Transfer"),2,IF(AND(I3="Justin",J3="Onboarded"),3,IF(AND(I3="Justin",J3="Referral"),2,IF(AND(I3="Justin",J3="Transfer"),2,IF(AND(I3="Reyna",J3="Onboarded"),3,IF(AND(I3="Reyna",J3="Referral"),2,IF(AND(I3="Reyna",J3="Transfer"),2,0))))))))) -> 3
A4: Reginald Marshall | B4: Other | C4: 46021 | D4: Satisfied | E4: Learn More | F4: Reyna Transfer | G4: reginaldmarshall@gmail.com | H4: 214-906-5649 | I4: =IF(ISNUMBER(SEARCH("kirk",F4)),"Kirk",IF(ISNUMBER(SEARCH("justin",F4)),"Justin",IF(ISNUMBER(SEARCH("reyna",F4)),"Reyna","Unknown"))) -> Reyna | J4: =IF(ISNUMBER(SEARCH("onboard",F4)),"Onboarded",IF(ISNUMBER(SEARCH("referr",F4)),"Referral",IF(ISNUMBER(SEARCH("transfer",F4)),"Transfer","Other"))) -> Transfer | K4: =IF(AND(I4="Kirk",J4="Onboarded"),3,IF(AND(I4="Kirk",J4="Referral"),2,IF(AND(I4="Kirk",J4="Transfer"),2,IF(AND(I4="Justin",J4="Onboarded"),3,IF(AND(I4="Justin",J4="Referral"),2,IF(AND(I4="Justin",J4="Transfer"),2,IF(AND(I4="Reyna",J4="Onboarded"),3,IF(AND(I4="Reyna",J4="Referral"),2,IF(AND(I4="Reyna",J4="Transfer"),2,0))))))))) -> 2
A5: TERENCE BAKSMATY | B5: Drake | C5: 46024 | D5: Satisfied | E5: Learn More | F5: Reyna Transfer | G5: terrybaksmaty@gmail.com | H5: 646-215-1898 | I5: =IF(ISNUMBER(SEARCH("kirk",F5)),"Kirk",IF(ISNUMBER(SEARCH("justin",F5)),"Justin",IF(ISNUMBER(SEARCH("reyna",F5)),"Reyna","Unknown"))) -> Reyna | J5: =IF(ISNUMBER(SEARCH("onboard",F5)),"Onboarded",IF(ISNUMBER(SEARCH("referr",F5)),"Referral",IF(ISNUMBER(SEARCH("transfer",F5)),"Transfer","Other"))) -> Transfer | K5: =IF(AND(I5="Kirk",J5="Onboarded"),3,IF(AND(I5="Kirk",J5="Referral"),2,IF(AND(I5="Kirk",J5="Transfer"),2,IF(AND(I5="Justin",J5="Onboarded"),3,IF(AND(I5="Justin",J5="Referral"),2,IF(AND(I5="Justin",J5="Transfer"),2,IF(AND(I5="Reyna",J5="Onboarded"),3,IF(AND(I5="Reyna",J5="Referral"),2,IF(AND(I5="Reyna",J5="Transfer"),2,0))))))))) -> 2
A6: Karen Graham | B6: Pathward RA | C6: 46021 | D6: Neutral | E6: Expand Business to Tax Resolution | F6: Kirk Onboarded | G6: kygfinancial@gmail.com | H6: 832-229-6961 | I6: =IF(ISNUMBER(SEARCH("kirk",F6)),"Kirk",IF(ISNUMBER(SEARCH("justin",F6)),"Justin",IF(ISNUMBER(SEARCH("reyna",F6)),"Reyna","Unknown"))) -> Kirk | J6: =IF(ISNUMBER(SEARCH("onboard",F6)),"Onboarded",IF(ISNUMBER(SEARCH("referr",F6)),"Referral",IF(ISNUMBER(SEARCH("transfer",F6)),"Transfer","Other"))) -> Onboarded | K6: =IF(AND(I6="Kirk",J6="Onboarded"),3,IF(AND(I6="Kirk",J6="Referral"),2,IF(AND(I6="Kirk",J6="Transfer"),2,IF(AND(I6="Justin",J6="Onboarded"),3,IF(AND(I6="Justin",J6="Referral"),2,IF(AND(I6="Justin",J6="Transfer"),2,IF(AND(I6="Reyna",J6="Onboarded"),3,IF(AND(I6="Reyna",J6="Referral"),2,IF(AND(I6="Reyna",J6="Transfer"),2,0))))))))) -> 3
A7: Rachel Hunter | B7: TPG | C7: 46024 | D7: Satisfied | E7: Expand Business to Tax Resolution | F7: Kirk Onboarded | G7: lindseyrachel99@yahoo.com | H7: 312-783-6098 | I7: =IF(ISNUMBER(SEARCH("kirk",F7)),"Kirk",IF(ISNUMBER(SEARCH("justin",F7)),"Justin",IF(ISNUMBER(SEARCH("reyna",F7)),"Reyna","Unknown"))) -> Kirk | J7: =IF(ISNUMBER(SEARCH("onboard",F7)),"Onboarded",IF(ISNUMBER(SEARCH("referr",F7)),"Referral",IF(ISNUMBER(SEARCH("transfer",F7)),"Transfer","Other"))) -> Onboarded | K7: =IF(AND(I7="Kirk",J7="Onboarded"),3,IF(AND(I7="Kirk",J7="Referral"),2,IF(AND(I7="Kirk",J7="Transfer"),2,IF(AND(I7="Justin",J7="Onboarded"),3,IF(AND(I7="Justin",J7="Referral"),2,IF(AND(I7="Justin",J7="Transfer"),2,IF(AND(I7="Reyna",J7="Onboarded"),3,IF(AND(I7="Reyna",J7="Referral"),2,IF(AND(I7="Reyna",J7="Transfer"),2,0))))))))) -> 3
A8: Joy Ouma | B8: TPG | C8: 46020 | D8: Satisfied | E8: Immediate Referral, Expand Business to Tax Resolution | F8: Justin Onboarded | G8: joyouma@lovelegacychristmin.net | H8: 608-297-0724 | I8: =IF(ISNUMBER(SEARCH("kirk",F8)),"Kirk",IF(ISNUMBER(SEARCH("justin",F8)),"Justin",IF(ISNUMBER(SEARCH("reyna",F8)),"Reyna","Unknown"))) -> Justin | J8: =IF(ISNUMBER(SEARCH("onboard",F8)),"Onboarded",IF(ISNUMBER(SEARCH("referr",F8)),"Referral",IF(ISNUMBER(SEARCH("transfer",F8)),"Transfer","Other"))) -> Onboarded | K8: =IF(AND(I8="Kirk",J8="Onboarded"),3,IF(AND(I8="Kirk",J8="Referral"),2,IF(AND(I8="Kirk",J8="Transfer"),2,IF(AND(I8="Justin",J8="Onboarded"),3,IF(AND(I8="Justin",J8="Referral"),2,IF(AND(I8="Justin",J8="Transfer"),2,IF(AND(I8="Reyna",J8="Onboarded"),3,IF(AND(I8="Reyna",J8="Referral"),2,IF(AND(I8="Reyna",J8="Transfer"),2,0))))))))) -> 3
A9: Rosa Velez | B9: TPG | C9: 46024 | D9: Satisfied | E9: Expand Business to Tax Resolution | F9: Kirk Onboarded | G9: newstarrealty8@gmail.com | H9: 323-537-8334 | I9: =IF(ISNUMBER(SEARCH("kirk",F9)),"Kirk",IF(ISNUMBER(SEARCH("justin",F9)),"Justin",IF(ISNUMBER(SEARCH("reyna",F9)),"Reyna","Unknown"))) -> Kirk | J9: =IF(ISNUMBER(SEARCH("onboard",F9)),"Onboarded",IF(ISNUMBER(SEARCH("referr",F9)),"Referral",IF(ISNUMBER(SEARCH("transfer",F9)),"Transfer","Other"))) -> Onboarded | K9: =IF(AND(I9="Kirk",J9="Onboarded"),3,IF(AND(I9="Kirk",J9="Referral"),2,IF(AND(I9="Kirk",J9="Transfer"),2,IF(AND(I9="Justin",J9="Onboarded"),3,IF(AND(I9="Justin",J9="Referral"),2,IF(AND(I9="Justin",J9="Transfer"),2,IF(AND(I9="Reyna",J9="Onboarded"),3,IF(AND(I9="Reyna",J9="Referral"),2,IF(AND(I9="Reyna",J9="Transfer"),2,0))))))))) -> 3
A10: Sahar Snell | B10: TPG | C10: 46020 | D10: Satisfied | E10: Immediate Referral | F10: Reyna Onboarded | G10: saharsnellllc@yahoo.com | H10: 334-669-0857 | I10: =IF(ISNUMBER(SEARCH("kirk",F10)),"Kirk",IF(ISNUMBER(SEARCH("justin",F10)),"Justin",IF(ISNUMBER(SEARCH("reyna",F10)),"Reyna","Unknown"))) -> Reyna | J10: =IF(ISNUMBER(SEARCH("onboard",F10)),"Onboarded",IF(ISNUMBER(SEARCH("referr",F10)),"Referral",IF(ISNUMBER(SEARCH("transfer",F10)),"Transfer","Other"))) -> Onboarded | K10: =IF(AND(I10="Kirk",J10="Onboarded"),3,IF(AND(I10="Kirk",J10="Referral"),2,IF(AND(I10="Kirk",J10="Transfer"),2,IF(AND(I10="Justin",J10="Onboarded"),3,IF(AND(I10="Justin",J10="Referral"),2,IF(AND(I10="Justin",J10="Transfer"),2,IF(AND(I10="Reyna",J10="Onboarded"),3,IF(AND(I10="Reyna",J10="Referral"),2,IF(AND(I10="Reyna",J10="Transfer"),2,0))))))))) -> 3
A11: Miykiel Bell | B11: TPG | C11: 46024 | D11: Excited | E11: Expand Business to Tax Resolution | F11: Kirk Onboarded | G11: basuinc@gmail.com | H11: 318-278-5463 | I11: =IF(ISNUMBER(SEARCH("kirk",F11)),"Kirk",IF(ISNUMBER(SEARCH("justin",F11)),"Justin",IF(ISNUMBER(SEARCH("reyna",F11)),"Reyna","Unknown"))) -> Kirk | J11: =IF(ISNUMBER(SEARCH("onboard",F11)),"Onboarded",IF(ISNUMBER(SEARCH("referr",F11)),"Referral",IF(ISNUMBER(SEARCH("transfer",F11)),"Transfer","Other"))) -> Onboarded | K11: =IF(AND(I11="Kirk",J11="Onboarded"),3,IF(AND(I11="Kirk",J11="Referral"),2,IF(AND(I11="Kirk",J11="Transfer"),2,IF(AND(I11="Justin",J11="Onboarded"),3,IF(AND(I11="Justin",J11="Referral"),2,IF(AND(I11="Justin",J11="Transfer"),2,IF(AND(I11="Reyna",J11="Onboarded"),3,IF(AND(I11="Reyna",J11="Referral"),2,IF(AND(I11="Reyna",J11="Transfer"),2,0))))))))) -> 3
A12: John Petitdos | B12: TPG | C12: 46024 | D12: Satisfied | E12: Expand Business to Tax Resolution | F12: Kirk Onboarded | G12: info.adventcorp@gmail.com | H12: 954-234-8134 | I12: =IF(ISNUMBER(SEARCH("kirk",F12)),"Kirk",IF(ISNUMBER(SEARCH("justin",F12)),"Justin",IF(ISNUMBER(SEARCH("reyna",F12)),"Reyna","Unknown"))) -> Kirk | J12: =IF(ISNUMBER(SEARCH("onboard",F12)),"Onboarded",IF(ISNUMBER(SEARCH("referr",F12)),"Referral",IF(ISNUMBER(SEARCH("transfer",F12)),"Transfer","Other"))) -> Onboarded | K12: =IF(AND(I12="Kirk",J12="Onboarded"),3,IF(AND(I12="Kirk",J12="Referral"),2,IF(AND(I12="Kirk",J12="Transfer"),2,IF(AND(I12="Justin",J12="Onboarded"),3,IF(AND(I12="Justin",J12="Referral"),2,IF(AND(I12="Justin",J12="Transfer"),2,IF(AND(I12="Reyna",J12="Onboarded"),3,IF(AND(I12="Reyna",J12="Referral"),2,IF(AND(I12="Reyna",J12="Transfer"),2,0))))))))) -> 3
A13: Jordan Beltran | B13: TPG | C13: 46020 | D13: Excited | E13: Expand Business to Tax Resolution | F13: Kirk Onboarded | G13: speedrefund@yahoo.com | H13: 702-759-9000 | I13: =IF(ISNUMBER(SEARCH("kirk",F13)),"Kirk",IF(ISNUMBER(SEARCH("justin",F13)),"Justin",IF(ISNUMBER(SEARCH("reyna",F13)),"Reyna","Unknown"))) -> Kirk | J13: =IF(ISNUMBER(SEARCH("onboard",F13)),"Onboarded",IF(ISNUMBER(SEARCH("referr",F13)),"Referral",IF(ISNUMBER(SEARCH("transfer",F13)),"Transfer","Other"))) -> Onboarded | K13: =IF(AND(I13="Kirk",J13="Onboarded"),3,IF(AND(I13="Kirk",J13="Referral"),2,IF(AND(I13="Kirk",J13="Transfer"),2,IF(AND(I13="Justin",J13="Onboarded"),3,IF(AND(I13="Justin",J13="Referral"),2,IF(AND(I13="Justin",J13="Transfer"),2,IF(AND(I13="Reyna",J13="Onboarded"),3,IF(AND(I13="Reyna",J13="Referral"),2,IF(AND(I13="Reyna",J13="Transfer"),2,0))))))))) -> 3
... A30: TAMMY ALECIO ALECIO | B30: Other | C30: 46021 | D30: Satisfied | E30: Learn More | F30: Kirk Transfer | G30: tammy@tabscnc.com | H30: 919-244-5715 | I30: =IF(ISNUMBER(SEARCH("kirk",F30)),"Kirk",IF(ISNUMBER(SEARCH("justin",F30)),"Justin",IF(ISNUMBER(SEARCH("reyna",F30)),"Reyna","Unknown"))) -> Kirk | J30: =IF(ISNUMBER(SEARCH("onboard",F30)),"Onboarded",IF(ISNUMBER(SEARCH("referr",F30)),"Referral",IF(ISNUMBER(SEARCH("transfer",F30)),"Transfer","Other"))) -> Transfer | K30: =IF(AND(I30="Kirk",J30="Onboarded"),3,IF(AND(I30="Kirk",J30="Referral"),2,IF(AND(I30="Kirk",J30="Transfer"),2,IF(AND(I30="Justin",J30="Onboarded"),3,IF(AND(I30="Justin",J30="Referral"),2,IF(AND(I30="Justin",J30="Transfer"),2,IF(AND(I30="Reyna",J30="Onboarded"),3,IF(AND(I30="Reyna",J30="Referral"),2,IF(AND(I30="Reyna",J30="Transfer"),2,0))))))))) -> 2
A31: Carl Hanton | B31: Other | C31: 46022 | D31: Satisfied | F31: Kirk Transfer | G31: carl@premieretax.com | H31: 941-720-4282 | I31: =IF(ISNUMBER(SEARCH("kirk",F31)),"Kirk",IF(ISNUMBER(SEARCH("justin",F31)),"Justin",IF(ISNUMBER(SEARCH("reyna",F31)),"Reyna","Unknown"))) -> Kirk | J31: =IF(ISNUMBER(SEARCH("onboard",F31)),"Onboarded",IF(ISNUMBER(SEARCH("referr",F31)),"Referral",IF(ISNUMBER(SEARCH("transfer",F31)),"Transfer","Other"))) -> Transfer | K31: =IF(AND(I31="Kirk",J31="Onboarded"),3,IF(AND(I31="Kirk",J31="Referral"),2,IF(AND(I31="Kirk",J31="Transfer"),2,IF(AND(I31="Justin",J31="Onboarded"),3,IF(AND(I31="Justin",J31="Referral"),2,IF(AND(I31="Justin",J31="Transfer"),2,IF(AND(I31="Reyna",J31="Onboarded"),3,IF(AND(I31="Reyna",J31="Referral"),2,IF(AND(I31="Reyna",J31="Transfer"),2,0))))))))) -> 2
A32: Tashondra Smith | B32: Pathward RA | C32: 46020 | D32: Excited | E32: Expand Business to Tax Resolution | F32: Kirk Onboarded | G32: shon.smith2013@gmail.com | H32: 214-605-8356 | I32: =IF(ISNUMBER(SEARCH("kirk",F32)),"Kirk",IF(ISNUMBER(SEARCH("justin",F32)),"Justin",IF(ISNUMBER(SEARCH("reyna",F32)),"Reyna","Unknown"))) -> Kirk | J32: =IF(ISNUMBER(SEARCH("onboard",F32)),"Onboarded",IF(ISNUMBER(SEARCH("referr",F32)),"Referral",IF(ISNUMBER(SEARCH("transfer",F32)),"Transfer","Other"))) -> Onboarded | K32: =IF(AND(I32="Kirk",J32="Onboarded"),3,IF(AND(I32="Kirk",J32="Referral"),2,IF(AND(I32="Kirk",J32="Transfer"),2,IF(AND(I32="Justin",J32="Onboarded"),3,IF(AND(I32="Justin",J32="Referral"),2,IF(AND(I32="Justin",J32="Transfer"),2,IF(AND(I32="Reyna",J32="Onboarded"),3,IF(AND(I32="Reyna",J32="Referral"),2,IF(AND(I32="Reyna",J32="Transfer"),2,0))))))))) -> 3
I33: =IF(ISNUMBER(SEARCH("kirk",F33)),"Kirk",IF(ISNUMBER(SEARCH("justin",F33)),"Justin",IF(ISNUMBER(SEARCH("reyna",F33)),"Reyna","Unknown"))) -> Unknown | J33: =IF(ISNUMBER(SEARCH("onboard",F33)),"Onboarded",IF(ISNUMBER(SEARCH("referr",F33)),"Referral",IF(ISNUMBER(SEARCH("transfer",F33)),"Transfer","Other"))) -> Other | K33: =IF(AND(I33="Kirk",J33="Onboarded"),3,IF(AND(I33="Kirk",J33="Referral"),2,IF(AND(I33="Kirk",J33="Transfer"),2,IF(AND(I33="Justin",J33="Onboarded"),3,IF(AND(I33="Justin",J33="Referral"),2,IF(AND(I33="Justin",J33="Transfer"),2,IF(AND(I33="Reyna",J33="Onboarded"),3,IF(AND(I33="Reyna",J33="Referral"),2,IF(AND(I33="Reyna",J33="Transfer"),2,0))))))))) -> 0
I34: =IF(ISNUMBER(SEARCH("kirk",F34)),"Kirk",IF(ISNUMBER(SEARCH("justin",F34)),"Justin",IF(ISNUMBER(SEARCH("reyna",F34)),"Reyna","Unknown"))) -> Unknown | J34: =IF(ISNUMBER(SEARCH("onboard",F34)),"Onboarded",IF(ISNUMBER(SEARCH("referr",F34)),"Referral",IF(ISNUMBER(SEARCH("transfer",F34)),"Transfer","Other"))) -> Other | K34: =IF(AND(I34="Kirk",J34="Onboarded"),3,IF(AND(I34="Kirk",J34="Referral"),2,IF(AND(I34="Kirk",J34="Transfer"),2,IF(AND(I34="Justin",J34="Onboarded"),3,IF(AND(I34="Justin",J34="Referral"),2,IF(AND(I34="Justin",J34="Transfer"),2,IF(AND(I34="Reyna",J34="Onboarded"),3,IF(AND(I34="Reyna",J34="Referral"),2,IF(AND(I34="Reyna",J34="Transfer"),2,0))))))))) -> 0
I35: =IF(ISNUMBER(SEARCH("kirk",F35)),"Kirk",IF(ISNUMBER(SEARCH("justin",F35)),"Justin",IF(ISNUMBER(SEARCH("reyna",F35)),"Reyna","Unknown"))) -> Unknown | J35: =IF(ISNUMBER(SEARCH("onboard",F35)),"Onboarded",IF(ISNUMBER(SEARCH("referr",F35)),"Referral",IF(ISNUMBER(SEARCH("transfer",F35)),"Transfer","Other"))) -> Other | K35: =IF(AND(I35="Kirk",J35="Onboarded"),3,IF(AND(I35="Kirk",J35="Referral"),2,IF(AND(I35="Kirk",J35="Transfer"),2,IF(AND(I35="Justin",J35="Onboarded"),3,IF(AND(I35="Justin",J35="Referral"),2,IF(AND(I35="Justin",J35="Transfer"),2,IF(AND(I35="Reyna",J35="Onboarded"),3,IF(AND(I35="Reyna",J35="Referral"),2,IF(AND(I35="Reyna",J35="Transfer"),2,0))))))))) -> 0
I36: =IF(ISNUMBER(SEARCH("kirk",F36)),"Kirk",IF(ISNUMBER(SEARCH("justin",F36)),"Justin",IF(ISNUMBER(SEARCH("reyna",F36)),"Reyna","Unknown"))) -> Unknown | J36: =IF(ISNUMBER(SEARCH("onboard",F36)),"Onboarded",IF(ISNUMBER(SEARCH("referr",F36)),"Referral",IF(ISNUMBER(SEARCH("transfer",F36)),"Transfer","Other"))) -> Other | K36: =IF(AND(I36="Kirk",J36="Onboarded"),3,IF(AND(I36="Kirk",J36="Referral"),2,IF(AND(I36="Kirk",J36="Transfer"),2,IF(AND(I36="Justin",J36="Onboarded"),3,IF(AND(I36="Justin",J36="Referral"),2,IF(AND(I36="Justin",J36="Transfer"),2,IF(AND(I36="Reyna",J36="Onboarded"),3,IF(AND(I36="Reyna",J36="Referral"),2,IF(AND(I36="Reyna",J36="Transfer"),2,0))))))))) -> 0
I37: =IF(ISNUMBER(SEARCH("kirk",F37)),"Kirk",IF(ISNUMBER(SEARCH("justin",F37)),"Justin",IF(ISNUMBER(SEARCH("reyna",F37)),"Reyna","Unknown"))) -> Unknown | J37: =IF(ISNUMBER(SEARCH("onboard",F37)),"Onboarded",IF(ISNUMBER(SEARCH("referr",F37)),"Referral",IF(ISNUMBER(SEARCH("transfer",F37)),"Transfer","Other"))) -> Other | K37: =IF(AND(I37="Kirk",J37="Onboarded"),3,IF(AND(I37="Kirk",J37="Referral"),2,IF(AND(I37="Kirk",J37="Transfer"),2,IF(AND(I37="Justin",J37="Onboarded"),3,IF(AND(I37="Justin",J37="Referral"),2,IF(AND(I37="Justin",J37="Transfer"),2,IF(AND(I37="Reyna",J37="Onboarded"),3,IF(AND(I37="Reyna",J37="Referral"),2,IF(AND(I37="Reyna",J37="Transfer"),2,0))))))))) -> 0
I38: =IF(ISNUMBER(SEARCH("kirk",F38)),"Kirk",IF(ISNUMBER(SEARCH("justin",F38)),"Justin",IF(ISNUMBER(SEARCH("reyna",F38)),"Reyna","Unknown"))) -> Unknown | J38: =IF(ISNUMBER(SEARCH("onboard",F38)),"Onboarded",IF(ISNUMBER(SEARCH("referr",F38)),"Referral",IF(ISNUMBER(SEARCH("transfer",F38)),"Transfer","Other"))) -> Other | K38: =IF(AND(I38="Kirk",J38="Onboarded"),3,IF(AND(I38="Kirk",J38="Referral"),2,IF(AND(I38="Kirk",J38="Transfer"),2,IF(AND(I38="Justin",J38="Onboarded"),3,IF(AND(I38="Justin",J38="Referral"),2,IF(AND(I38="Justin",J38="Transfer"),2,IF(AND(I38="Reyna",J38="Onboarded"),3,IF(AND(I38="Reyna",J38="Referral"),2,IF(AND(I38="Reyna",J38="Transfer"),2,0))))))))) -> 0
I39: =IF(ISNUMBER(SEARCH("kirk",F39)),"Kirk",IF(ISNUMBER(SEARCH("justin",F39)),"Justin",IF(ISNUMBER(SEARCH("reyna",F39)),"Reyna","Unknown"))) -> Unknown | J39: =IF(ISNUMBER(SEARCH("onboard",F39)),"Onboarded",IF(ISNUMBER(SEARCH("referr",F39)),"Referral",IF(ISNUMBER(SEARCH("transfer",F39)),"Transfer","Other"))) -> Other | K39: =IF(AND(I39="Kirk",J39="Onboarded"),3,IF(AND(I39="Kirk",J39="Referral"),2,IF(AND(I39="Kirk",J39="Transfer"),2,IF(AND(I39="Justin",J39="Onboarded"),3,IF(AND(I39="Justin",J39="Referral"),2,IF(AND(I39="Justin",J39="Transfer"),2,IF(AND(I39="Reyna",J39="Onboarded"),3,IF(AND(I39="Reyna",J39="Referral"),2,IF(AND(I39="Reyna",J39="Transfer"),2,0))))))))) -> 0
I40: =IF(ISNUMBER(SEARCH("kirk",F40)),"Kirk",IF(ISNUMBER(SEARCH("justin",F40)),"Justin",IF(ISNUMBER(SEARCH("reyna",F40)),"Reyna","Unknown"))) -> Unknown | J40: =IF(ISNUMBER(SEARCH("onboard",F40)),"Onboarded",IF(ISNUMBER(SEARCH("referr",F40)),"Referral",IF(ISNUMBER(SEARCH("transfer",F40)),"Transfer","Other"))) -> Other | K40: =IF(AND(I40="Kirk",J40="Onboarded"),3,IF(AND(I40="Kirk",J40="Referral"),2,IF(AND(I40="Kirk",J40="Transfer"),2,IF(AND(I40="Justin",J40="Onboarded"),3,IF(AND(I40="Justin",J40="Referral"),2,IF(AND(I40="Justin",J40="Transfer"),2,IF(AND(I40="Reyna",J40="Onboarded"),3,IF(AND(I40="Reyna",J40="Referral"),2,IF(AND(I40="Reyna",J40="Transfer"),2,0))))))))) -> 0
I41: =IF(ISNUMBER(SEARCH("kirk",F41)),"Kirk",IF(ISNUMBER(SEARCH("justin",F41)),"Justin",IF(ISNUMBER(SEARCH("reyna",F41)),"Reyna","Unknown"))) -> Unknown | J41: =IF(ISNUMBER(SEARCH("onboard",F41)),"Onboarded",IF(ISNUMBER(SEARCH("referr",F41)),"Referral",IF(ISNUMBER(SEARCH("transfer",F41)),"Transfer","Other"))) -> Other | K41: =IF(AND(I41="Kirk",J41="Onboarded"),3,IF(AND(I41="Kirk",J41="Referral"),2,IF(AND(I41="Kirk",J41="Transfer"),2,IF(AND(I41="Justin",J41="Onboarded"),3,IF(AND(I41="Justin",J41="Referral"),2,IF(AND(I41="Justin",J41="Transfer"),2,IF(AND(I41="Reyna",J41="Onboarded"),3,IF(AND(I41="Reyna",J41="Referral"),2,IF(AND(I41="Reyna",J41="Transfer"),2,0))))))))) -> 0
I42: =IF(ISNUMBER(SEARCH("kirk",F42)),"Kirk",IF(ISNUMBER(SEARCH("justin",F42)),"Justin",IF(ISNUMBER(SEARCH("reyna",F42)),"Reyna","Unknown"))) -> Unknown | J42: =IF(ISNUMBER(SEARCH("onboard",F42)),"Onboarded",IF(ISNUMBER(SEARCH("referr",F42)),"Referral",IF(ISNUMBER(SEARCH("transfer",F42)),"Transfer","Other"))) -> Other | K42: =IF(AND(I42="Kirk",J42="Onboarded"),3,IF(AND(I42="Kirk",J42="Referral"),2,IF(AND(I42="Kirk",J42="Transfer"),2,IF(AND(I42="Justin",J42="Onboarded"),3,IF(AND(I42="Justin",J42="Referral"),2,IF(AND(I42="Justin",J42="Transfer"),2,IF(AND(I42="Reyna",J42="Onboarded"),3,IF(AND(I42="Reyna",J42="Referral"),2,IF(AND(I42="Reyna",J42="Transfer"),2,0))))))))) -> 0
I43: =IF(ISNUMBER(SEARCH("kirk",F43)),"Kirk",IF(ISNUMBER(SEARCH("justin",F43)),"Justin",IF(ISNUMBER(SEARCH("reyna",F43)),"Reyna","Unknown"))) -> Unknown | J43: =IF(ISNUMBER(SEARCH("onboard",F43)),"Onboarded",IF(ISNUMBER(SEARCH("referr",F43)),"Referral",IF(ISNUMBER(SEARCH("transfer",F43)),"Transfer","Other"))) -> Other | K43: =IF(AND(I43="Kirk",J43="Onboarded"),3,IF(AND(I43="Kirk",J43="Referral"),2,IF(AND(I43="Kirk",J43="Transfer"),2,IF(AND(I43="Justin",J43="Onboarded"),3,IF(AND(I43="Justin",J43="Referral"),2,IF(AND(I43="Justin",J43="Transfer"),2,IF(AND(I43="Reyna",J43="Onboarded"),3,IF(AND(I43="Reyna",J43="Referral"),2,IF(AND(I43="Reyna",J43="Transfer"),2,0))))))))) -> 0
I44: =IF(ISNUMBER(SEARCH("kirk",F44)),"Kirk",IF(ISNUMBER(SEARCH("justin",F44)),"Justin",IF(ISNUMBER(SEARCH("reyna",F44)),"Reyna","Unknown"))) -> Unknown | J44: =IF(ISNUMBER(SEARCH("onboard",F44)),"Onboarded",IF(ISNUMBER(SEARCH("referr",F44)),"Referral",IF(ISNUMBER(SEARCH("transfer",F44)),"Transfer","Other"))) -> Other | K44: =IF(AND(I44="Kirk",J44="Onboarded"),3,IF(AND(I44="Kirk",J44="Referral"),2,IF(AND(I44="Kirk",J44="Transfer"),2,IF(AND(I44="Justin",J44="Onboarded"),3,IF(AND(I44="Justin",J44="Referral"),2,IF(AND(I44="Justin",J44="Transfer"),2,IF(AND(I44="Reyna",J44="Onboarded"),3,IF(AND(I44="Reyna",J44="Referral"),2,IF(AND(I44="Reyna",J44="Transfer"),2,0))))))))) -> 0
... I1001: =IF(ISNUMBER(SEARCH("kirk",F1001)),"Kirk",IF(ISNUMBER(SEARCH("justin",F1001)),"Justin",IF(ISNUMBER(SEARCH("reyna",F1001)),"Reyna","Unknown"))) -> Unknown | J1001: =IF(ISNUMBER(SEARCH("onboard",F1001)),"Onboarded",IF(ISNUMBER(SEARCH("referr",F1001)),"Referral",IF(ISNUMBER(SEARCH("transfer",F1001)),"Transfer","Other"))) -> Other | K1001: =IF(AND(I1001="Kirk",J1001="Onboarded"),3,IF(AND(I1001="Kirk",J1001="Referral"),2,IF(AND(I1001="Kirk",J1001="Transfer"),2,IF(AND(I1001="Justin",J1001="Onboarded"),3,IF(AND(I1001="Justin",J1001="Referral"),2,IF(AND(I1001="Justin",J1001="Transfer"),2,IF(AND(I1001="Reyna",J1001="Onboarded"),3,IF(AND(I1001="Reyna",J1001="Referral"),2,IF(AND(I1001="Reyna",J1001="Transfer"),2,0))))))))) -> 0

Sheet Summary
A1: Rep | B1: Onboarded | C1: Referral | D1: Transfer | E1: Total
A2: Kirk | B2: =SUMIFS(Data!K:K,Data!I:I,"Kirk",Data!J:J,"Onboarded") -> 33 | C2: =SUMIFS(Data!K:K,Data!I:I,"Kirk",Data!J:J,"Referral") -> 0 | D2: =SUMIFS(Data!K:K,Data!I:I,"Kirk",Data!J:J,"Transfer") -> 6 | E2: =SUM(B2:D2) -> 39
A3: Justin | B3: =SUMIFS(Data!K:K,Data!I:I,"Justin",Data!J:J,"Onboarded") -> 21 | C3: =SUMIFS(Data!K:K,Data!I:I,"Justin",Data!J:J,"Referral") -> 2 | D3: =SUMIFS(Data!K:K,Data!I:I,"Justin",Data!J:J,"Transfer") -> 0 | E3: =SUM(B3:D3) -> 23
A4: Reyna | B4: =SUMIFS(Data!K:K,Data!I:I,"Reyna",Data!J:J,"Onboarded") -> 18 | C4: =SUMIFS(Data!K:K,Data!I:I,"Reyna",Data!J:J,"Referral") -> 2 | D4: =SUMIFS(Data!K:K,Data!I:I,"Reyna",Data!J:J,"Transfer") -> 4 | E4: =SUM(B4:D4) -> 24
A7: Daily Counts by Onboarded Date (enter/paste dates in column A below)
A9: Onboarded Date | B9: Kirk Onboarded # | C9: Kirk Referral # | D9: Kirk Transfer # | E9: Justin Onboarded # | F9: Justin Referral # | G9: Justin Transfer # | H9: Reyna Onboarded # | I9: Reyna Referral # | J9: Reyna Transfer # | K9: Total Events #
A10: 46020 | B10: =IF(A10="","",COUNTIFS(Data!$I:$I,"Kirk",Data!$J:$J,"Onboarded",Data!$C:$C,A10)) -> 3 | C10: =IF(A10="","",COUNTIFS(Data!$I:$I,"Kirk",Data!$J:$J,"Referral",Data!$C:$C,A10)) -> 0 | D10: =IF(A10="","",COUNTIFS(Data!$I:$I,"Kirk",Data!$J:$J,"Transfer",Data!$C:$C,A10)) -> 0 | E10: =IF(A10="","",COUNTIFS(Data!$I:$I,"Justin",Data!$J:$J,"Onboarded",Data!$C:$C,A10)) -> 2 | F10: =IF(A10="","",COUNTIFS(Data!$I:$I,"Justin",Data!$J:$J,"Referral",Data!$C:$C,A10)) -> 0 | G10: =IF(A10="","",COUNTIFS(Data!$I:$I,"Justin",Data!$J:$J,"Transfer",Data!$C:$C,A10)) -> 0 | H10: =IF(A10="","",COUNTIFS(Data!$I:$I,"Reyna",Data!$J:$J,"Onboarded",Data!$C:$C,A10)) -> 2 | I10: =IF(A10="","",COUNTIFS(Data!$I:$I,"Reyna",Data!$J:$J,"Referral",Data!$C:$C,A10)) -> 0 | J10: =IF(A10="","",COUNTIFS(Data!$I:$I,"Reyna",Data!$J:$J,"Transfer",Data!$C:$C,A10)) -> 0 | K10: =IF(A10="","",SUM(B10:J10)) -> 7
A11: 46021 | B11: =IF(A11="","",COUNTIFS(Data!$I:$I,"Kirk",Data!$J:$J,"Onboarded",Data!$C:$C,A11)) -> 2 | C11: =IF(A11="","",COUNTIFS(Data!$I:$I,"Kirk",Data!$J:$J,"Referral",Data!$C:$C,A11)) -> 0 | D11: =IF(A11="","",COUNTIFS(Data!$I:$I,"Kirk",Data!$J:$J,"Transfer",Data!$C:$C,A11)) -> 2 | E11: =IF(A11="","",COUNTIFS(Data!$I:$I,"Justin",Data!$J:$J,"Onboarded",Data!$C:$C,A11)) -> 2 | F11: =IF(A11="","",COUNTIFS(Data!$I:$I,"Justin",Data!$J:$J,"Referral",Data!$C:$C,A11)) -> 1 | G11: =IF(A11="","",COUNTIFS(Data!$I:$I,"Justin",Data!$J:$J,"Transfer",Data!$C:$C,A11)) -> 0 | H11: =IF(A11="","",COUNTIFS(Data!$I:$I,"Reyna",Data!$J:$J,"Onboarded",Data!$C:$C,A11)) -> 1 | I11: =IF(A11="","",COUNTIFS(Data!$I:$I,"Reyna",Data!$J:$J,"Referral",Data!$C:$C,A11)) -> 1 | J11: =IF(A11="","",COUNTIFS(Data!$I:$I,"Reyna",Data!$J:$J,"Transfer",Data!$C:$C,A11)) -> 1 | K11: =IF(A11="","",SUM(B11:J11)) -> 10
A12: 46022 | B12: =IF(A12="","",COUNTIFS(Data!$I:$I,"Kirk",Data!$J:$J,"Onboarded",Data!$C:$C,A12)) -> 1 | C12: =IF(A12="","",COUNTIFS(Data!$I:$I,"Kirk",Data!$J:$J,"Referral",Data!$C:$C,A12)) -> 0 | D12: =IF(A12="","",COUNTIFS(Data!$I:$I,"Kirk",Data!$J:$J,"Transfer",Data!$C:$C,A12)) -> 1 | E12: =IF(A12="","",COUNTIFS(Data!$I:$I,"Justin",Data!$J:$J,"Onboarded",Data!$C:$C,A12)) -> 1 | F12: =IF(A12="","",COUNTIFS(Data!$I:$I,"Justin",Data!$J:$J,"Referral",Data!$C:$C,A12)) -> 0 | G12: =IF(A12="","",COUNTIFS(Data!$I:$I,"Justin",Data!$J:$J,"Transfer",Data!$C:$C,A12)) -> 0 | H12: =IF(A12="","",COUNTIFS(Data!$I:$I,"Reyna",Data!$J:$J,"Onboarded",Data!$C:$C,A12)) -> 0 | I12: =IF(A12="","",COUNTIFS(Data!$I:$I,"Reyna",Data!$J:$J,"Referral",Data!$C:$C,A12)) -> 0 | J12: =IF(A12="","",COUNTIFS(Data!$I:$I,"Reyna",Data!$J:$J,"Transfer",Data!$C:$C,A12)) -> 0 | K12: =IF(A12="","",SUM(B12:J12)) -> 3
A13: 46023 | B13: =IF(A13="","",COUNTIFS(Data!$I:$I,"Kirk",Data!$J:$J,"Onboarded",Data!$C:$C,A13)) -> 0 | C13: =IF(A13="","",COUNTIFS(Data!$I:$I,"Kirk",Data!$J:$J,"Referral",Data!$C:$C,A13)) -> 0 | D13: =IF(A13="","",COUNTIFS(Data!$I:$I,"Kirk",Data!$J:$J,"Transfer",Data!$C:$C,A13)) -> 0 | E13: =IF(A13="","",COUNTIFS(Data!$I:$I,"Justin",Data!$J:$J,"Onboarded",Data!$C:$C,A13)) -> 0 | F13: =IF(A13="","",COUNTIFS(Data!$I:$I,"Justin",Data!$J:$J,"Referral",Data!$C:$C,A13)) -> 0 | G13: =IF(A13="","",COUNTIFS(Data!$I:$I,"Justin",Data!$J:$J,"Transfer",Data!$C:$C,A13)) -> 0 | H13: =IF(A13="","",COUNTIFS(Data!$I:$I,"Reyna",Data!$J:$J,"Onboarded",Data!$C:$C,A13)) -> 0 | I13: =IF(A13="","",COUNTIFS(Data!$I:$I,"Reyna",Data!$J:$J,"Referral",Data!$C:$C,A13)) -> 0 | J13: =IF(A13="","",COUNTIFS(Data!$I:$I,"Reyna",Data!$J:$J,"Transfer",Data!$C:$C,A13)) -> 0 | K13: =IF(A13="","",SUM(B13:J13)) -> 0
A14: 46024 | B14: =IF(A14="","",COUNTIFS(Data!$I:$I,"Kirk",Data!$J:$J,"Onboarded",Data!$C:$C,A14)) -> 5 | C14: =IF(A14="","",COUNTIFS(Data!$I:$I,"Kirk",Data!$J:$J,"Referral",Data!$C:$C,A14)) -> 0 | D14: =IF(A14="","",COUNTIFS(Data!$I:$I,"Kirk",Data!$J:$J,"Transfer",Data!$C:$C,A14)) -> 0 | E14: =IF(A14="","",COUNTIFS(Data!$I:$I,"Justin",Data!$J:$J,"Onboarded",Data!$C:$C,A14)) -> 2 | F14: =IF(A14="","",COUNTIFS(Data!$I:$I,"Justin",Data!$J:$J,"Referral",Data!$C:$C,A14)) -> 0 | G14: =IF(A14="","",COUNTIFS(Data!$I:$I,"Justin",Data!$J:$J,"Transfer",Data!$C:$C,A14)) -> 0 | H14: =IF(A14="","",COUNTIFS(Data!$I:$I,"Reyna",Data!$J:$J,"Onboarded",Data!$C:$C,A14)) -> 3 | I14: =IF(A14="","",COUNTIFS(Data!$I:$I,"Reyna",Data!$J:$J,"Referral",Data!$C:$C,A14)) -> 0 | J14: =IF(A14="","",COUNTIFS(Data!$I:$I,"Reyna",Data!$J:$J,"Transfer",Data!$C:$C,A14)) -> 1 | K14: =IF(A14="","",SUM(B14:J14)) -> 11
B15: =IF(A15="","",COUNTIFS(Data!$I:$I,"Kirk",Data!$J:$J,"Onboarded",Data!$C:$C,A15)) | C15: =IF(A15="","",COUNTIFS(Data!$I:$I,"Kirk",Data!$J:$J,"Referral",Data!$C:$C,A15)) | D15: =IF(A15="","",COUNTIFS(Data!$I:$I,"Kirk",Data!$J:$J,"Transfer",Data!$C:$C,A15)) | E15: =IF(A15="","",COUNTIFS(Data!$I:$I,"Justin",Data!$J:$J,"Onboarded",Data!$C:$C,A15)) | F15: =IF(A15="","",COUNTIFS(Data!$I:$I,"Justin",Data!$J:$J,"Referral",Data!$C:$C,A15)) | G15: =IF(A15="","",COUNTIFS(Data!$I:$I,"Justin",Data!$J:$J,"Transfer",Data!$C:$C,A15)) | H15: =IF(A15="","",COUNTIFS(Data!$I:$I,"Reyna",Data!$J:$J,"Onboarded",Data!$C:$C,A15)) | I15: =IF(A15="","",COUNTIFS(Data!$I:$I,"Reyna",Data!$J:$J,"Referral",Data!$C:$C,A15)) | J15: =IF(A15="","",COUNTIFS(Data!$I:$I,"Reyna",Data!$J:$J,"Transfer",Data!$C:$C,A15)) | K15: =IF(A15="","",SUM(B15:J15))
B16: =IF(A16="","",COUNTIFS(Data!$I:$I,"Kirk",Data!$J:$J,"Onboarded",Data!$C:$C,A16)) | C16: =IF(A16="","",COUNTIFS(Data!$I:$I,"Kirk",Data!$J:$J,"Referral",Data!$C:$C,A16)) | D16: =IF(A16="","",COUNTIFS(Data!$I:$I,"Kirk",Data!$J:$J,"Transfer",Data!$C:$C,A16)) | E16: =IF(A16="","",COUNTIFS(Data!$I:$I,"Justin",Data!$J:$J,"Onboarded",Data!$C:$C,A16)) | F16: =IF(A16="","",COUNTIFS(Data!$I:$I,"Justin",Data!$J:$J,"Referral",Data!$C:$C,A16)) | G16: =IF(A16="","",COUNTIFS(Data!$I:$I,"Justin",Data!$J:$J,"Transfer",Data!$C:$C,A16)) | H16: =IF(A16="","",COUNTIFS(Data!$I:$I,"Reyna",Data!$J:$J,"Onboarded",Data!$C:$C,A16)) | I16: =IF(A16="","",COUNTIFS(Data!$I:$I,"Reyna",Data!$J:$J,"Referral",Data!$C:$C,A16)) | J16: =IF(A16="","",COUNTIFS(Data!$I:$I,"Reyna",Data!$J:$J,"Transfer",Data!$C:$C,A16)) | K16: =IF(A16="","",SUM(B16:J16))
B17: =IF(A17="","",COUNTIFS(Data!$I:$I,"Kirk",Data!$J:$J,"Onboarded",Data!$C:$C,A17)) | C17: =IF(A17="","",COUNTIFS(Data!$I:$I,"Kirk",Data!$J:$J,"Referral",Data!$C:$C,A17)) | D17: =IF(A17="","",COUNTIFS(Data!$I:$I,"Kirk",Data!$J:$J,"Transfer",Data!$C:$C,A17)) | E17: =IF(A17="","",COUNTIFS(Data!$I:$I,"Justin",Data!$J:$J,"Onboarded",Data!$C:$C,A17)) | F17: =IF(A17="","",COUNTIFS(Data!$I:$I,"Justin",Data!$J:$J,"Referral",Data!$C:$C,A17)) | G17: =IF(A17="","",COUNTIFS(Data!$I:$I,"Justin",Data!$J:$J,"Transfer",Data!$C:$C,A17)) | H17: =IF(A17="","",COUNTIFS(Data!$I:$I,"Reyna",Data!$J:$J,"Onboarded",Data!$C:$C,A17)) | I17: =IF(A17="","",COUNTIFS(Data!$I:$I,"Reyna",Data!$J:$J,"Referral",Data!$C:$C,A17)) | J17: =IF(A17="","",COUNTIFS(Data!$I:$I,"Reyna",Data!$J:$J,"Transfer",Data!$C:$C,A17)) | K17: =IF(A17="","",SUM(B17:J17))
B18: =IF(A18="","",COUNTIFS(Data!$I:$I,"Kirk",Data!$J:$J,"Onboarded",Data!$C:$C,A18)) | C18: =IF(A18="","",COUNTIFS(Data!$I:$I,"Kirk",Data!$J:$J,"Referral",Data!$C:$C,A18)) | D18: =IF(A18="","",COUNTIFS(Data!$I:$I,"Kirk",Data!$J:$J,"Transfer",Data!$C:$C,A18)) | E18: =IF(A18="","",COUNTIFS(Data!$I:$I,"Justin",Data!$J:$J,"Onboarded",Data!$C:$C,A18)) | F18: =IF(A18="","",COUNTIFS(Data!$I:$I,"Justin",Data!$J:$J,"Referral",Data!$C:$C,A18)) | G18: =IF(A18="","",COUNTIFS(Data!$I:$I,"Justin",Data!$J:$J,"Transfer",Data!$C:$C,A18)) | H18: =IF(A18="","",COUNTIFS(Data!$I:$I,"Reyna",Data!$J:$J,"Onboarded",Data!$C:$C,A18)) | I18: =IF(A18="","",COUNTIFS(Data!$I:$I,"Reyna",Data!$J:$J,"Referral",Data!$C:$C,A18)) | J18: =IF(A18="","",COUNTIFS(Data!$I:$I,"Reyna",Data!$J:$J,"Transfer",Data!$C:$C,A18)) | K18: =IF(A18="","",SUM(B18:J18))
B19: =IF(A19="","",COUNTIFS(Data!$I:$I,"Kirk",Data!$J:$J,"Onboarded",Data!$C:$C,A19)) | C19: =IF(A19="","",COUNTIFS(Data!$I:$I,"Kirk",Data!$J:$J,"Referral",Data!$C:$C,A19)) | D19: =IF(A19="","",COUNTIFS(Data!$I:$I,"Kirk",Data!$J:$J,"Transfer",Data!$C:$C,A19)) | E19: =IF(A19="","",COUNTIFS(Data!$I:$I,"Justin",Data!$J:$J,"Onboarded",Data!$C:$C,A19)) | F19: =IF(A19="","",COUNTIFS(Data!$I:$I,"Justin",Data!$J:$J,"Referral",Data!$C:$C,A19)) | G19: =IF(A19="","",COUNTIFS(Data!$I:$I,"Justin",Data!$J:$J,"Transfer",Data!$C:$C,A19)) | H19: =IF(A19="","",COUNTIFS(Data!$I:$I,"Reyna",Data!$J:$J,"Onboarded",Data!$C:$C,A19)) | I19: =IF(A19="","",COUNTIFS(Data!$I:$I,"Reyna",Data!$J:$J,"Referral",Data!$C:$C,A19)) | J19: =IF(A19="","",COUNTIFS(Data!$I:$I,"Reyna",Data!$J:$J,"Transfer",Data!$C:$C,A19)) | K19: =IF(A19="","",SUM(B19:J19))
B20: =IF(A20="","",COUNTIFS(Data!$I:$I,"Kirk",Data!$J:$J,"Onboarded",Data!$C:$C,A20)) | C20: =IF(A20="","",COUNTIFS(Data!$I:$I,"Kirk",Data!$J:$J,"Referral",Data!$C:$C,A20)) | D20: =IF(A20="","",COUNTIFS(Data!$I:$I,"Kirk",Data!$J:$J,"Transfer",Data!$C:$C,A20)) | E20: =IF(A20="","",COUNTIFS(Data!$I:$I,"Justin",Data!$J:$J,"Onboarded",Data!$C:$C,A20)) | F20: =IF(A20="","",COUNTIFS(Data!$I:$I,"Justin",Data!$J:$J,"Referral",Data!$C:$C,A20)) | G20: =IF(A20="","",COUNTIFS(Data!$I:$I,"Justin",Data!$J:$J,"Transfer",Data!$C:$C,A20)) | H20: =IF(A20="","",COUNTIFS(Data!$I:$I,"Reyna",Data!$J:$J,"Onboarded",Data!$C:$C,A20)) | I20: =IF(A20="","",COUNTIFS(Data!$I:$I,"Reyna",Data!$J:$J,"Referral",Data!$C:$C,A20)) | J20: =IF(A20="","",COUNTIFS(Data!$I:$I,"Reyna",Data!$J:$J,"Transfer",Data!$C:$C,A20)) | K20: =IF(A20="","",SUM(B20:J20))
B21: =IF(A21="","",COUNTIFS(Data!$I:$I,"Kirk",Data!$J:$J,"Onboarded",Data!$C:$C,A21)) | C21: =IF(A21="","",COUNTIFS(Data!$I:$I,"Kirk",Data!$J:$J,"Referral",Data!$C:$C,A21)) | D21: =IF(A21="","",COUNTIFS(Data!$I:$I,"Kirk",Data!$J:$J,"Transfer",Data!$C:$C,A21)) | E21: =IF(A21="","",COUNTIFS(Data!$I:$I,"Justin",Data!$J:$J,"Onboarded",Data!$C:$C,A21)) | F21: =IF(A21="","",COUNTIFS(Data!$I:$I,"Justin",Data!$J:$J,"Referral",Data!$C:$C,A21)) | G21: =IF(A21="","",COUNTIFS(Data!$I:$I,"Justin",Data!$J:$J,"Transfer",Data!$C:$C,A21)) | H21: =IF(A21="","",COUNTIFS(Data!$I:$I,"Reyna",Data!$J:$J,"Onboarded",Data!$C:$C,A21)) | I21: =IF(A21="","",COUNTIFS(Data!$I:$I,"Reyna",Data!$J:$J,"Referral",Data!$C:$C,A21)) | J21: =IF(A21="","",COUNTIFS(Data!$I:$I,"Reyna",Data!$J:$J,"Transfer",Data!$C:$C,A21)) | K21: =IF(A21="","",SUM(B21:J21))
B22: =IF(A22="","",COUNTIFS(Data!$I:$I,"Kirk",Data!$J:$J,"Onboarded",Data!$C:$C,A22)) | C22: =IF(A22="","",COUNTIFS(Data!$I:$I,"Kirk",Data!$J:$J,"Referral",Data!$C:$C,A22)) | D22: =IF(A22="","",COUNTIFS(Data!$I:$I,"Kirk",Data!$J:$J,"Transfer",Data!$C:$C,A22)) | E22: =IF(A22="","",COUNTIFS(Data!$I:$I,"Justin",Data!$J:$J,"Onboarded",Data!$C:$C,A22)) | F22: =IF(A22="","",COUNTIFS(Data!$I:$I,"Justin",Data!$J:$J,"Referral",Data!$C:$C,A22)) | G22: =IF(A22="","",COUNTIFS(Data!$I:$I,"Justin",Data!$J:$J,"Transfer",Data!$C:$C,A22)) | H22: =IF(A22="","",COUNTIFS(Data!$I:$I,"Reyna",Data!$J:$J,"Onboarded",Data!$C:$C,A22)) | I22: =IF(A22="","",COUNTIFS(Data!$I:$I,"Reyna",Data!$J:$J,"Referral",Data!$C:$C,A22)) | J22: =IF(A22="","",COUNTIFS(Data!$I:$I,"Reyna",Data!$J:$J,"Transfer",Data!$C:$C,A22)) | K22: =IF(A22="","",SUM(B22:J22))
B23: =IF(A23="","",COUNTIFS(Data!$I:$I,"Kirk",Data!$J:$J,"Onboarded",Data!$C:$C,A23)) | C23: =IF(A23="","",COUNTIFS(Data!$I:$I,"Kirk",Data!$J:$J,"Referral",Data!$C:$C,A23)) | D23: =IF(A23="","",COUNTIFS(Data!$I:$I,"Kirk",Data!$J:$J,"Transfer",Data!$C:$C,A23)) | E23: =IF(A23="","",COUNTIFS(Data!$I:$I,"Justin",Data!$J:$J,"Onboarded",Data!$C:$C,A23)) | F23: =IF(A23="","",COUNTIFS(Data!$I:$I,"Justin",Data!$J:$J,"Referral",Data!$C:$C,A23)) | G23: =IF(A23="","",COUNTIFS(Data!$I:$I,"Justin",Data!$J:$J,"Transfer",Data!$C:$C,A23)) | H23: =IF(A23="","",COUNTIFS(Data!$I:$I,"Reyna",Data!$J:$J,"Onboarded",Data!$C:$C,A23)) | I23: =IF(A23="","",COUNTIFS(Data!$I:$I,"Reyna",Data!$J:$J,"Referral",Data!$C:$C,A23)) | J23: =IF(A23="","",COUNTIFS(Data!$I:$I,"Reyna",Data!$J:$J,"Transfer",Data!$C:$C,A23)) | K23: =IF(A23="","",SUM(B23:J23))
B24: =IF(A24="","",COUNTIFS(Data!$I:$I,"Kirk",Data!$J:$J,"Onboarded",Data!$C:$C,A24)) | C24: =IF(A24="","",COUNTIFS(Data!$I:$I,"Kirk",Data!$J:$J,"Referral",Data!$C:$C,A24)) | D24: =IF(A24="","",COUNTIFS(Data!$I:$I,"Kirk",Data!$J:$J,"Transfer",Data!$C:$C,A24)) | E24: =IF(A24="","",COUNTIFS(Data!$I:$I,"Justin",Data!$J:$J,"Onboarded",Data!$C:$C,A24)) | F24: =IF(A24="","",COUNTIFS(Data!$I:$I,"Justin",Data!$J:$J,"Referral",Data!$C:$C,A24)) | G24: =IF(A24="","",COUNTIFS(Data!$I:$I,"Justin",Data!$J:$J,"Transfer",Data!$C:$C,A24)) | H24: =IF(A24="","",COUNTIFS(Data!$I:$I,"Reyna",Data!$J:$J,"Onboarded",Data!$C:$C,A24)) | I24: =IF(A24="","",COUNTIFS(Data!$I:$I,"Reyna",Data!$J:$J,"Referral",Data!$C:$C,A24)) | J24: =IF(A24="","",COUNTIFS(Data!$I:$I,"Reyna",Data!$J:$J,"Transfer",Data!$C:$C,A24)) | K24: =IF(A24="","",SUM(B24:J24))
B25: =IF(A25="","",COUNTIFS(Data!$I:$I,"Kirk",Data!$J:$J,"Onboarded",Data!$C:$C,A25)) | C25: =IF(A25="","",COUNTIFS(Data!$I:$I,"Kirk",Data!$J:$J,"Referral",Data!$C:$C,A25)) | D25: =IF(A25="","",COUNTIFS(Data!$I:$I,"Kirk",Data!$J:$J,"Transfer",Data!$C:$C,A25)) | E25: =IF(A25="","",COUNTIFS(Data!$I:$I,"Justin",Data!$J:$J,"Onboarded",Data!$C:$C,A25)) | F25: =IF(A25="","",COUNTIFS(Data!$I:$I,"Justin",Data!$J:$J,"Referral",Data!$C:$C,A25)) | G25: =IF(A25="","",COUNTIFS(Data!$I:$I,"Justin",Data!$J:$J,"Transfer",Data!$C:$C,A25)) | H25: =IF(A25="","",COUNTIFS(Data!$I:$I,"Reyna",Data!$J:$J,"Onboarded",Data!$C:$C,A25)) | I25: =IF(A25="","",COUNTIFS(Data!$I:$I,"Reyna",Data!$J:$J,"Referral",Data!$C:$C,A25)) | J25: =IF(A25="","",COUNTIFS(Data!$I:$I,"Reyna",Data!$J:$J,"Transfer",Data!$C:$C,A25)) | K25: =IF(A25="","",SUM(B25:J25))
B26: =IF(A26="","",COUNTIFS(Data!$I:$I,"Kirk",Data!$J:$J,"Onboarded",Data!$C:$C,A26)) | C26: =IF(A26="","",COUNTIFS(Data!$I:$I,"Kirk",Data!$J:$J,"Referral",Data!$C:$C,A26)) | D26: =IF(A26="","",COUNTIFS(Data!$I:$I,"Kirk",Data!$J:$J,"Transfer",Data!$C:$C,A26)) | E26: =IF(A26="","",COUNTIFS(Data!$I:$I,"Justin",Data!$J:$J,"Onboarded",Data!$C:$C,A26)) | F26: =IF(A26="","",COUNTIFS(Data!$I:$I,"Justin",Data!$J:$J,"Referral",Data!$C:$C,A26)) | G26: =IF(A26="","",COUNTIFS(Data!$I:$I,"Justin",Data!$J:$J,"Transfer",Data!$C:$C,A26)) | H26: =IF(A26="","",COUNTIFS(Data!$I:$I,"Reyna",Data!$J:$J,"Onboarded",Data!$C:$C,A26)) | I26: =IF(A26="","",COUNTIFS(Data!$I:$I,"Reyna",Data!$J:$J,"Referral",Data!$C:$C,A26)) | J26: =IF(A26="","",COUNTIFS(Data!$I:$I,"Reyna",Data!$J:$J,"Transfer",Data!$C:$C,A26)) | K26: =IF(A26="","",SUM(B26:J26))
... B209: =IF(A209="","",COUNTIFS(Data!$I:$I,"Kirk",Data!$J:$J,"Onboarded",Data!$C:$C,A209)) | C209: =IF(A209="","",COUNTIFS(Data!$I:$I,"Kirk",Data!$J:$J,"Referral",Data!$C:$C,A209)) | D209: =IF(A209="","",COUNTIFS(Data!$I:$I,"Kirk",Data!$J:$J,"Transfer",Data!$C:$C,A209)) | E209: =IF(A209="","",COUNTIFS(Data!$I:$I,"Justin",Data!$J:$J,"Onboarded",Data!$C:$C,A209)) | F209: =IF(A209="","",COUNTIFS(Data!$I:$I,"Justin",Data!$J:$J,"Referral",Data!$C:$C,A209)) | G209: =IF(A209="","",COUNTIFS(Data!$I:$I,"Justin",Data!$J:$J,"Transfer",Data!$C:$C,A209)) | H209: =IF(A209="","",COUNTIFS(Data!$I:$I,"Reyna",Data!$J:$J,"Onboarded",Data!$C:$C,A209)) | I209: =IF(A209="","",COUNTIFS(Data!$I:$I,"Reyna",Data!$J:$J,"Referral",Data!$C:$C,A209)) | J209: =IF(A209="","",COUNTIFS(Data!$I:$I,"Reyna",Data!$J:$J,"Transfer",Data!$C:$C,A209)) | K209: =IF(A209="","",SUM(B209:J209))

Sheet Instructions
A1: Weekly Commissions Template
A3: 1) Paste your CSV data into the Data sheet (columns A–H only).
A4: 2) Do NOT overwrite columns I–K (they calculate commissions automatically).
A5: 3) Go to the Summary sheet to see totals by rep and type.
A6: 4) BDR Tag can include extra words — logic is keyword-based.
